,id,address,floor,allfloor,layout,area,price,browsenum_all
0,6032971,永康街47巷永康街五樓頂加..,5,5,5房3廳3衛,46.8,"60,000",751
1,6054083,仁愛路四段仁愛路樹海景觀..,7,12,4房2廳2衛,76.9,"100,000",162
2,5957980,光復南路高樓層大巨蛋正對..,10,13,4房2廳2衛,71.3,"150,000",2385
3,6043839,永康街23巷永康商圈..,3,4,2房1廳1衛,18.0,"29,000",1323
4,5181793,雲和街師大*已收訂..,5,5,2房2廳1衛,28.0,"31,800",2303
5,5650938,復興南路一段忠孝復興2分..,6,10,1房1廳1衛,12.9,"37,500",2096
6,6018145,四維路52巷大安站全新飯店..,4,5,2房1廳1衛,22.0,"35,000",2328
7,6030022,信義路三段台北大安森林公..,12,14,1房2廳1衛,14.0,"36,000",931
8,6049021,忠孝東路四段223巷﻿﻿忠..,4,7,3房2廳2衛,39.6,"46,000",429
9,6044046,光復南路101生活圈..,3,14,2房1廳1衛,22.6,"45,000",717
10,6057888,龍泉街WELIVE時尚捷運兩房..,4,5,2房1廳1衛,20.0,"22,800",762
11,6012379,忠孝東路四段216巷明曜靜..,2,7,4房2廳2衛,50.0,"50,000",493
12,6022259,安東街忠孝復興MRT..,8,11,2房2廳1衛,20.0,"32,000",1742
13,6038917,信義路二段148巷@東門永..,3,7,4房2廳3衛,72.0,"90,000",124
14,6042000,忠孝東路四段紀念館捷運站..,7,12,2房2廳1衛,24.0,"38,000",541
15,6009541,基隆路二段291巷2房1廳..,2,4,2房1廳1衛,28.0,"24,906",2575
16,6009569,復興南路二段171巷大安遠..,13,14,4房2廳2衛,92.2,"110,000",333
17,6020029,信義路二段信義美學東門站..,8,13,2房2廳1衛,25.0,"38,000",1209
18,6029645,信義路四段環境清悠近公園..,4,7,4房2廳3衛,45.9,"65,000",292
19,6055248,仁愛路四段稀有仁愛樹海名..,7,12,4房2廳2衛,67.0,"100,000",44
20,5982803,忠孝東路三段217巷SOGO21..,1,6,3房2廳1衛,45.6,"80,000",887
21,6008839,"忠孝東路三段光線佳,近北..",7,11,3房2廳2衛,41.0,"42,000",472
22,6017040,羅斯福路二段77巷師大運動..,3,5,3房2廳2衛,36.0,"42,000",504
23,6062200,忠孝東路四段101巷SOGO商..,7,8,3房2廳2衛,33.0,"48,500",2
24,5880983,仁愛路三段143巷SOGO名巷..,2,7,4房2廳2衛,43.3,"65,000",1427
25,6058409,光復南路101高樓景觀豪邸,12,15,3房2廳2衛,33.8,"65,000",117
26,6033481,敦南街大安遠企商圈~靜巷..,1,16,5房3廳4衛,71.0,"180,000",376
27,6006160,建國南路一段大安森..,10,14,3房2廳1衛,26.1,"30,000",2880
28,6048518,復興南路一段地段優近東區..,4,15,3房2廳2衛,47.9,"55,000",137
29,6022130,光復南路346巷(雙衛)國..,5,7,3房2廳2衛,43.0,"49,500",501
0,5995579,信義路三段101景觀大安捷..,14,14,1房2廳1衛,11.7,"33,000",635
1,6052288,瑞安街120巷近大安站陽光..,3,7,3房2廳1衛,32.1,"55,000",100
2,6022885,安和路二段和平東路三段口..,5,14,3房2廳2衛,43.0,"49,800",237
3,6022890,和平東路三段傢電設備全+..,10,14,4房2廳2衛,53.0,"67,880",272
4,6028623,復興南路253巷大安..,3,7,3房2廳2衛,40.0,"35,000",2044
5,5983961,延吉街131巷捷運國父紀念..,3,7,2房1廳1衛,18.0,"36,500",1234
6,6027342,四維路176巷❤世界敦南❤..,3,8,1房1廳1衛,12.3,"23,000",848
7,5980651,敦化南路一段160巷SOGO捷..,4,4,2房1廳1衛,10.0,"25,000",1841
8,6057412,"信義路四段師大附中,信維..",9,12,3房2廳2衛,26.4,"30,000",301
9,6051480,安和路二段遠企優質*中庭..,3,17,3房2廳2衛,47.0,"60,000",91
10,6003433,泰順街60巷捷運台電大樓時..,2,7,2房1廳1衛,27.7,"55,000",854
11,5945334,敦化南路二段雙捷運敦南遠..,10,16,3房2廳2衛,36.0,"45,000",978
12,5989851,泰順街60巷靜巷內的新建小..,5,7,1房1廳1衛,18.0,"38,000",934
13,6000787,新生南路三段60巷一個月起..,2,4,2房1廳1衛,20.0,"25,000",2196
14,6018591,安和路二段雙捷運交通方便..,3,17,3房2廳2衛,47.0,"60,000",505
15,6054821,四維路52巷全新裝潢正面公..,2,4,4房2廳2衛,48.0,"68,000",136
16,6048002,光復南路國館大器景觀4房..,8,12,4房2廳2衛,57.0,"95,000",62
17,6048981,和平東路三段遠企商圈大客..,6,14,3房2廳2衛,53.0,"50,000",125
18,6034427,安居街六張犁捷運/..,5,7,3房2廳2衛,44.0,"30,000",1003
19,6040151,敦化南路二段敦南鑽石4+1..,7,21,5房2廳3衛,61.3,"80,000",120
20,6027321,和平東路二段175巷近台師..,4,4,3房2廳2衛,35.0,"40,000",777
21,6058842,復興南路二段151巷科技大..,2,4,2房1廳1衛,18.0,"27,000",224
22,6015846,新生南路一段103巷忠孝新..,4,5,3房3廳2衛,48.0,"80,000",795
23,6025311,光復南路光復南路近通化夜..,10,14,1房2廳1衛,19.4,"45,000",296
24,6007973,金山南路二段[屋主自租免..,2,4,2房2廳1衛,26.0,"32,500",1054
25,6014790,復興南路二段151巷..,4,7,3房2廳2衛,28.0,"35,000",1205
26,6007135,浦城街16巷雙捷運近師大校..,100,5,1房1廳1衛,10.0,"14,000",1579
27,5989634,安和路一段東區仁愛安和大..,11,12,4房2廳2衛,45.1,"78,000",523
28,6053197,忠孝東路四段MRT忠孝敦化..,4,7,3房2廳2衛,39.0,"46,000",134
29,5999722,基隆路二段世貿可住可辦大..,5,12,4房2廳2衛,50.1,"49,000",446
0,6058286,信義路二段信義美學東門站..,8,13,2房2廳1衛,25.0,"38,000",162
1,6014447,信義路四段265巷電梯華廈..,4,7,4房2廳2衛,63.0,"85,000",246
2,6030314,復興南路二段111巷..,2,4,2房1廳1衛,13.0,"32,000",421
3,6007395,雲和街75巷台電大樓站雲和..,3,5,2房2廳1衛,18.0,"27,000",2007
4,6042597,瑞安街61巷瑞安街電梯華廈..,3,7,3房2廳2衛,37.0,"39,000",898
5,6036443,信義路三段大安森林公園旁..,3,10,2房2廳1衛,23.0,"38,000",479
6,6050220,和平東路三段308巷近捷運麟光..,3,9,4房2廳2衛,60.1,"50,000",88
7,6047372,光復南路近信義安和站☑景觀電..,10,14,2房1廳1衛,24.9,"41,000",170
8,6033928,敦化南路二段63巷敦南全新裝潢..,7,7,3房3廳3衛,50.0,"89,000",191
9,6023039,光復南路近信義安和站☑昇陽GR..,13,14,1房2廳1衛,25.8,"39,000",289
10,6022730,光復南路近信義安和站☑昇陽GR..,13,14,3房2廳2衛,54.6,"85,000",168
11,5980369,安和路二段『六張犁』遠企商圈..,3,17,3房2廳2衛,47.0,"60,000",167
12,6053211,四維路52巷大安.面公園四房...,2,4,4房2廳2衛,48.0,"68,000",63
13,6055915,新生南路一段103巷MRT忠孝新..,4,5,4房3廳2衛,48.0,"80,000",56
14,6058136,敦化南路一段低公設美四房●名..,7,7,4房2廳3衛,91.5,"85,000",28
15,6057288,安和路一段安和名宅●採光明亮..,8,16,4房2廳2衛,51.0,"68,000",28
16,6057218,復興南路二段低公設美四房●純..,5,15,4房2廳3衛,65.0,"50,000",53
17,6055412,光復南路低公設美四房●門廳換..,8,12,4房2廳2衛,58.0,"95,000",38
18,6039015,忠孝東路三段捷運忠孝新生站電..,6,13,3房2廳2衛,38.9,"50,000",194
19,6038049,和平東路一段大安森林公園旁電..,10,11,2房2廳1衛,22.3,"39,000",347
20,6010900,敦化南路二段家具可搬●車位可..,13,21,4房2廳4衛,77.0,"88,000",194
21,6000014,信義路二段東門站精美四房雙主..,3,7,4房2廳3衛,72.0,"90,000",247
22,6033007,和平東路三段精美屋況●採光明..,17,19,3房2廳2衛,66.0,"89,000",90
23,6045220,瑞安街邊間精美精緻三房●採光..,7,7,3房2廳2衛,31.0,"47,000",100
24,6051912,信義路二段精美屋況●東門站●..,7,14,4房2廳2衛,63.0,"85,000",27
25,6002190,光復南路精美屋況●家具可補●..,13,14,1房1廳1衛,25.8,"39,000",456
26,6002109,光復南路精美屋況●稀有釋出●..,13,14,3房2廳2衛,50.0,"86,000",130
27,5988302,忠孝東路四段216巷捷運忠孝敦..,2,7,4房2廳2衛,30.9,"50,000",407
28,6006706,通安街精美屋況●採光明亮●純..,8,9,2房2廳2衛,29.0,"50,000",142
29,6006687,仁愛路四段精美兩房大主臥●家..,4,7,2房2廳2衛,42.0,"63,000",158
0,5982321,忠孝東路四段低公設可辦..,4,7,4房2廳2衛,55.0,"50,000",254
1,6032060,瑞安街全新釋出●採光明亮●靜..,6,6,2房2廳1衛,46.0,"65,000",89
2,6039223,信義路四段捷運信義安和站電梯..,5,6,4房2廳2衛,42.4,"62,000",65
3,6053799,通安街捷運信義安和站~溫馨宅..,4,9,1房2廳1衛,24.6,"38,000",168
4,5988249,仁愛路四段面仁愛林蔭近忠孝敦..,7,15,3房2廳2衛,38.8,"60,000",443
5,5984093,復興南路一段雙捷運●高樓採光..,13,14,3房2廳2衛,36.0,"45,000",261
6,6022981,大安路一段捷運忠孝敦化站靜巷..,2,7,4房2廳2衛,36.5,"55,000",262
7,6032054,復興南路二段科技站●高樓邊間..,8,18,3房2廳2衛,41.0,"40,000",351
8,5975102,通安街信義安和MRT.高樓景觀...,8,9,2房2廳2衛,24.9,"50,000",196
9,6062195,和平東路三段308巷麟光MRT，..,6,9,4房2廳2衛,35.5,"49,999",2
10,6062162,基隆路二段通化商圈，漂亮裝潢..,11,12,2房1廳2衛,13.7,"37,800",2
11,6001863,信義路四段265巷信義安和捷運..,4,7,4房2廳3衛,45.9,"59,000",254
12,6060351,光復南路邊間昇陽GRAND宅*住..,13,14,1房2廳1衛,25.8,"39,000",62
13,6060346,光復南路昇陽GRAND美三房*住..,13,14,3房2廳2衛,54.6,"85,000",25
14,6049137,復興南路一段★極致奢華★忠孝..,10,16,2房2廳2衛,33.6,"100,000",79
15,6049147,仁愛路三段143巷★MRT忠孝復..,2,7,4房2廳2衛,43.3,"65,000",43
16,6049173,信義路二段★MRT東門★捷運共..,7,14,4房2廳2衛,63.3,"85,000",33
17,6014267,和平東路三段有大車位六張犁捷..,10,14,4房2廳2衛,63.9,"52,000",397
18,6019466,復興南路二段78巷祥瑞園美四房..,5,15,4房2廳3衛,65.0,"50,000",188
19,6059436,和平東路三段近六張犁站、高樓..,10,14,3房2廳2衛,63.9,"52,000",19
20,6032064,瑞安街瑞安電梯3房新裝美屋近..,3,7,3房2廳2衛,28.0,"45,000",265
21,6028693,建國南路一段291巷必定排隊搶..,7,14,3房2廳2衛,32.0,"33,000",3067
22,6007005,瑞安街120巷京倫瑞安氣派豪邸,5,11,4房2廳3衛,86.6,"140,000",133
23,6055205,建國南路一段美樂*大安森林公..,10,13,3房2廳2衛,37.8,"63,999",73
24,6030734,安和路二段美樂~近捷運.採光..,3,17,3房2廳2衛,47.0,"60,000",78
25,6016514,和平東路二段【美樂】近捷運...,5,12,4房2廳2衛,33.7,"42,999",239
26,5989953,羅斯福路三段333巷限女性台大..,5,5,2房0廳1衛,17.0,"11,900",3487
27,6009795,安居街六張犁捷運屋美價廉大空..,5,7,3房2廳2衛,44.0,"30,000",677
28,5984177,樂業街六張犁捷運溫馨典雅裝潢..,4,13,3房2廳2衛,56.5,"63,000",217
29,6012273,和平東路三段308巷六張犁捷運..,3,9,4房2廳2衛,60.0,"50,000",256
0,6039740,和平東路三段六張犁捷運近敦化..,8,19,3房2廳2衛,58.7,"60,000",73
1,6033123,安居街六張犁捷運屋美價廉大空..,5,7,3房2廳2衛,44.0,"30,000",393
2,6062023,光復南路雙人新居/全新裝潢/..,10,14,1房2廳1衛,19.4,"46,000",4
3,5926805,仁愛路四段仁愛圓環敦化商圈生..,4,14,2房1廳1衛,19.2,"36,000",433
4,6059953,泰順街近羅斯福路台電大樓✯靜..,5,7,1房1廳1衛,16.5,"38,000",27
5,6060172,臥龍街靜巷高樓採光✯2大房+1..,11,11,3房2廳2衛,38.4,"52,000",20
6,6059213,仁愛路四段近敦化南路一段仁愛..,10,12,1房2廳1衛,22.4,"45,000",32
7,6055418,安和路二段近敦化南路✯近立人..,3,17,3房2廳2衛,47.0,"58,000",33
8,6049882,敦化南路一段近忠孝東路四段✩..,10,14,3房2廳2衛,62.4,"119,990",40
9,6048334,瑞安街近復興南路☆精緻裝潢3+..,5,11,4房2廳3衛,86.6,"125,000",41
10,6048129,光復南路近信義路✯近信義安和..,5,12,3房2廳2衛,38.7,"60,000",86
11,6042039,安和路二段近立人國小✪近敦化..,11,25,4房2廳2衛,69.8,"98,800",52
12,6040997,羅斯福路二段近師大捷運古亭站..,4,7,2房2廳2衛,42.6,"100,000",76
13,6040972,信義路二段近中正紀念堂☼高樓..,10,14,4房3廳2衛,84.7,"124,000",46
14,6048115,和平東路一段師大商圈!平面正..,8,11,1房2廳1衛,22.3,"30,000",226
15,6030162,復興南路二段科技大樓捷運採光..,8,18,3房2廳2衛,41.0,"40,000",284
16,6029479,信義路二段東門站☆一層一戶☆..,5,7,3房2廳2衛,72.2,"84,000",99
17,6029448,敦化南路一段近忠孝敦化站✯舒..,2,7,4房2廳2衛,52.2,"69,000",96
18,6057698,東豐街大安捷運站明亮通風大主..,8,14,1房1廳1衛,18.0,"30,000",111
19,5976792,光復南路東區靜巷、生活機能便..,7,11,2房1廳1衛,19.7,"40,000",452
20,6041279,永康街靜巷單純、生活機能便利..,4,6,3房2廳2衛,40.1,"70,000",82
21,6040791,仁愛路四段採光極佳、近國富紀..,12,12,1房1廳1衛,20.0,"35,000",77
22,6040792,仁愛路三段東門大安森林公園邊..,4,6,3房2廳2衛,38.9,"60,000",134
23,6056745,信義路二段東門商圈、生活機能..,7,14,4房2廳2衛,51.4,"85,000",23
24,6011270,光復南路國父紀念館延吉街、生..,6,9,4房2廳2衛,52.6,"80,000",223
25,6029794,光復南路近國父紀念館、生活機..,3,14,2房1廳1衛,22.6,"45,000",177
26,6048969,和平東路一段和平大樓★仙境：..,10,11,2房1廳1衛,22.3,"39,000",166
27,6048964,泰順街太子尊邸★仙境：正三房..,2,10,3房2廳2衛,70.6,"69,000",52
28,6010596,信義路四段世貿★仙境：101／..,5,12,3房2廳2衛,36.0,"65,000",192
29,6055574,通安街信義安和捷運靜巷溫馨兩..,8,9,2房2廳2衛,25.0,"49,888",52
0,5998778,瑞安街81巷瑞安懷石~經典名人..,3,9,4房2廳2衛,76.0,"150,000",128
1,6017517,新生南路一段150巷公園綠樹景..,3,4,4房2廳2衛,40.0,"48,000",406
2,6048568,安和路二段59巷★近捷運信義安..,2,7,4房2廳3衛,31.4,"73,999",56
3,6035195,和平東路三段464巷★近捷運麟..,2,14,4房2廳2衛,55.8,"69,999",97
4,5975353,新生南路二段★大安森林公園★..,3,15,4房2廳4衛,151.0,"199,999",287
5,6053311,復興南路一段107巷近頂好市場..,6,7,3房2廳2衛,47.6,"52,000",89
6,5975493,忠孝東路四段216巷☑忠孝東路..,6,7,4房2廳2衛,42.6,"50,000",214
7,6016953,忠孝東路四段☑近捷運忠孝敦化..,4,12,2房1廳1衛,15.5,"47,000",144
8,5991006,愛國東路學生公寓，屋主..,3,4,6房2廳6衛,66.0,"8,800",4509
9,6010986,和平東路三段308巷★六張犁捷..,3,9,4房2廳2衛,60.1,"50,000",268
10,6028512,仁愛路四段345巷正216巷旁稀..,2,7,2房2廳2衛,48.0,"60,000",158
11,6061869,和平東路一段師大商圈旁，平面..,8,11,1房2廳1衛,22.3,"29,999",41
12,6015044,忠孝東路四段捷運忠孝敦化~東..,4,12,2房1廳2衛,15.5,"47,000",116
13,5984330,忠孝東路四段忠孝敦化面寬住辦..,7,12,4房2廳2衛,52.0,"60,000",182
14,6005614,和平東路二段面大安森林..,8,12,4房2廳2衛,45.0,"58,500",538
15,5984359,信義路二段東門永康獨棟雙主臥..,3,7,4房2廳3衛,79.3,"90,000",447
16,6054400,和平東路一段大安森林旁，採光..,14,18,4房2廳2衛,62.4,"68,000",63
17,6054354,仁愛路四段仁愛圓環，溫馨裝潢..,4,14,2房2廳1衛,19.2,"35,999",106
18,6054324,復興南路二段151巷科技大樓MR..,2,17,3房2廳1衛,29.6,"35,000",217
19,6054278,安和路二段素雅3+1房，傢俱可..,11,25,4房2廳2衛,69.8,"99,999",23
20,6016415,仁愛路四段408巷桓邦翠亨豪邸,5,13,4房2廳3衛,106.9,"246,000",139
21,6014643,大安路一段144巷大安蘭芳美廈,2,7,2房2廳1衛,31.2,"38,000",642
22,6054152,光復南路通化商圈，機能強，屋..,3,14,2房2廳1衛,22.6,"44,999",60
23,6054142,敦化南路二段63巷漂亮裝潢，一..,7,9,2房2廳2衛,32.1,"90,000",47
24,6054118,忠孝東路三段溫馨裝潢，可住/..,6,13,3房2廳2衛,38.8,"50,000",94
25,5994588,浦城街浦城街電梯2樓,2,3,開放式格局,52.0,"45,000",357
26,6008749,潮州街師範大學潮州街1樓,1,7,3房2廳2衛,96.0,"95,000",199
27,6061819,市民大道四段東區優雅吧檯兩房,3,7,2房1廳1衛,15.0,"29,000",27
28,6061811,金山南路二段231巷古亭東門靜..,4,5,3房2廳2衛,35.6,"35,000",7
29,6056760,安和路一段仁愛學區優質名宅,4,16,4房2廳2衛,49.4,"59,000",33
0,6039045,通化街【冷氣1房+1小房、室內..,3,3,2房0廳1衛,11.6,"15,000",2586
1,5989004,和平東路二段過年後才能看【溫..,5,12,4房2廳2衛,33.7,"43,000",249
2,6061793,忠孝東路三段忠孝新生捷運純辦,6,12,1房0廳1衛,75.9,"95,000",1
3,6026218,信義路三段大安森林景觀第一排..,3,10,3房2廳1衛,28.4,"38,000",559
4,6052042,忠孝東路四段223巷-近敦化南..,4,7,3房2廳2衛,39.6,"45,998",74
5,6006692,金山南路二段古亭金山名人大廈,17,17,3房2廳2衛,39.1,"45,000",278
6,5986646,潮州街古亭綠意電梯2房,100,7,2房1廳1衛,25.0,"27,000",886
7,6055048,瑞安街214巷-近復興南路口★..,7,7,3房2廳2衛,31.0,"48,000",81
8,6054987,四維路52巷-近敦化南路口★3+..,2,4,3房2廳2衛,47.9,"68,000",30
9,6060799,忠孝東路三段忠孝新生捷運站旁..,6,13,3房2廳2衛,38.9,"50,000",38
10,6055161,忠孝東路四段223巷忠孝敦化捷..,4,7,3房2廳3衛,39.6,"46,000",111
11,6023337,安和路二段六張犁捷運站/遠企..,3,17,3房2廳2衛,47.0,"58,500",152
12,6014840,和平東路三段308巷麟光捷運站..,3,9,4房2廳2衛,73.5,"50,000",179
13,6014860,和平東路三段308巷超值電梯4..,3,9,4房2廳2衛,73.5,"50,000",310
14,6013395,信義路二段東門捷運站~靜巷裝..,4,6,2房1廳1衛,15.7,"33,000",679
15,6040305,信義路四段月租短租~信義安和..,14,14,1房2廳1衛,20.1,"40,000",305
16,6000559,光復南路昇陽建設~雙捷運~氣..,17,19,3房2廳2衛,61.2,"88,000",160
17,5991354,信義路四段家門口就是信義安和..,2,12,3房2廳2衛,33.2,"47,000",359
18,5991338,安和路一段忠孝敦化捷運站~全..,11,12,4房2廳2衛,45.1,"77,000",178
19,6047838,敦化南路二段63巷信義安和捷運..,5,7,2房2廳1衛,20.2,"43,000",131
20,5988515,光復南路240巷國父紀念館東區..,11,11,2房2廳2衛,24.0,"48,000",437
21,5983874,羅斯福路三段台電大樓/古亭雙..,12,25,3房2廳2衛,55.1,"78,000",245
22,5983868,仁愛路四段忠孝敦化捷運站~美..,4,14,2房2廳1衛,19.2,"36,000",1086
23,6017193,忠孝東路三段正義國宅捷運美裝..,7,14,3房2廳2衛,33.4,"39,000",542
24,6041275,信義路四段近信義安和捷運~電..,2,12,3房2廳2衛,33.2,"47,000",88
25,6035327,和平東路一段近古亭捷運師大~..,14,18,4房2廳2衛,67.0,"70,000",82
26,6049696,敦化南路二段敦南遠企商圈~電..,10,16,3房2廳2衛,35.7,"45,000",48
27,6057848,基隆路二段光復南路•101世貿..,11,12,2房2廳2衛,13.7,"37,800",46
28,6056886,敦化南路二段遠企商圈•全新粉..,10,16,3房2廳2衛,35.7,"44,999",27
29,6055583,仁愛路四段345巷忠孝敦化•東..,4,7,2房2廳2衛,41.6,"63,000",72
0,6012899,光復南路國父紀念館站~一房一..,3,11,1房1廳1衛,15.0,"29,000",530
1,6052304,光復南路國父紀念館•忠孝東路..,10,13,4房2廳2衛,71.3,"150,000",31
2,6008619,信義路三段@@大安信義師大商圈..,12,12,3房1廳1衛,23.3,"34,998",841
3,6049114,光復南路通化商圈•101世貿站..,3,14,2房2廳1衛,22.6,"45,000",53
4,6008612,四維路52巷@@敦南信義安和商圈..,2,4,4房2廳2衛,48.0,"68,000",117
5,6008601,信義路四段@@信義安和通化商圈..,2,12,3房2廳2衛,33.2,"47,000",156
6,6008594,臥龍街43巷@@和平敦南六張犁商..,11,11,3房2廳2衛,38.4,"52,000",112
7,6008587,復興南路一段@@大安信義安和商..,13,14,3房2廳2衛,56.0,"107,000",127
8,6008580,仁愛路四段512巷@@市政府捷運..,2,8,3房2廳2衛,41.6,"55,000",279
9,6003142,敦化南路二段敦南綠景•24H機..,9,21,3房2廳3衛,77.3,"110,000",167
10,6005068,復興南路一段捷運忠孝復興旁頂..,5,16,3房2廳2衛,54.4,"80,000",169
11,6039119,和平東路一段MRT古亭▶高樓層..,14,18,3房2廳2衛,62.4,"65,000",93
12,5982102,敦化南路二段63巷安和路口•一..,7,9,2房2廳2衛,60.8,"90,000",242
13,6053022,忠孝東路四段忠孝敦化站/東區..,4,12,2房1廳2衛,15.5,"47,000",59
14,6052399,瑞安街捷運兩房/附傢俱電/搶..,6,6,2房2廳2衛,34.6,"66,000",27
15,6051985,忠孝東路四段223巷東區必租美..,4,7,3房2廳2衛,39.6,"46,000",103
16,6059524,瑞安街公園捷運美三房09186135..,3,7,3房2廳2衛,36.3,"39,000",87
17,5999316,敦化南路一段忠孝敦化站旁/可..,12,12,1房1廳1衛,14.7,"29,000",405
18,5991598,基隆路二段六張犁站/優質三房..,11,13,3房2廳2衛,57.0,"95,000",158
19,5988046,基隆路一段V1市府站精美2房,3,16,2房1廳1衛,16.3,"37,000",472
20,6006631,金山南路二段大安區優質住辦公..,2,4,4房2廳2衛,47.0,"48,000",312
21,6026350,新生南路一段165巷大安..,3,4,2房2廳1衛,22.0,"29,000",504
22,6061707,安和路二段近敦化南路✯近遠企..,4,6,3房2廳2衛,37.9,"44,000",11
23,5976433,復興南路一段亮麗裝潢方正二房..,5,10,2房2廳1衛,20.0,"33,000",1579
24,5976429,和平東路二段175巷可短..,6,6,3房2廳1衛,28.0,"42,000",652
25,6061684,和平東路一段近師大●有管理●..,8,11,1房2廳1衛,22.3,"29,999",37
26,6038502,復興南路一段忠孝復興.時尚...,3,10,2房2廳1衛,23.0,"48,000",155
27,6045579,安和路一段90巷◆捷運。全新裝..,3,5,2房2廳1衛,20.0,"32,000",386
28,6061673,敦化南路二段63巷優質新裝潢高..,7,7,3房3廳3衛,50.0,"89,000",8
29,5993100,"忠孝東路四段東區捷運新貴,極..",4,12,2房1廳2衛,15.5,"47,000",164
0,6051482,忠孝東路三段248巷SOGO旁靜巷..,2,7,2房2廳1衛,31.0,"43,000",85
1,6048628,信義路二段東門捷運*永康商圈..,7,14,4房2廳2衛,63.3,"85,000",51
2,5996087,安和路一段敦化安和管理高樓四..,11,12,4房2廳2衛,45.0,"78,000",115
3,6056571,敦化南路二段敦南高樓景觀三房,10,16,3房2廳2衛,36.0,"45,000",49
4,6029080,永康街永康街師大商圈高..,8,13,3房2廳2衛,59.8,"79,000",221
5,6019876,大安路二段近復興南路★捷運大..,4,7,3房2廳2衛,70.2,"178,000",97
6,6019677,瑞安街近復興南路二段★捷運科..,8,10,3房2廳3衛,62.0,"120,000",89
7,6011167,和平東路三段近捷運六張犁站✯..,8,19,3房2廳2衛,58.7,"60,000",214
8,5999113,光復南路近捷運信義安和☼飯店..,17,19,3房2廳2衛,60.0,"88,000",202
9,5998815,仁愛路四段近忠孝敦化站☆仁愛..,4,14,2房2廳1衛,19.2,"36,000",727
10,6008968,泰順街近捷運台電大樓✯師大商..,3,6,2房2廳1衛,24.4,"45,000",209
11,5998809,信義路四段信義安和站出站即到..,2,12,3房2廳2衛,33.2,"47,000",237
12,5993066,敦化南路一段近捷運忠孝敦化✯..,3,11,2房2廳1衛,27.0,"47,000",208
13,6016615,復興南路二段近科技大樓站✬近..,8,18,3房2廳2衛,41.2,"40,000",669
14,5999379,光復南路★立即看屋【紀念館景..,6,7,3房3廳3衛,37.4,"98,000",229
15,6048493,安和路二段安和路雙捷運大三房..,4,15,3房2廳2衛,60.0,"60,000",65
16,6030122,瑞安街近大安森林公園☼..,5,5,2房2廳1衛,35.9,"31,800",354
17,6015992,和平東路三段近敦化南路✬近安..,15,19,3房2廳3衛,80.9,"119,990",136
18,5987227,樂業街近六張犁站☼和平東路☼..,4,13,3房2廳2衛,56.5,"63,000",153
19,5986972,辛亥路二段近台大✯捷運科技大..,6,7,3房2廳2衛,58.4,"67,000",153
20,5986881,敦化南路一段近仁愛圓環✯近東..,7,7,4房2廳3衛,91.5,"85,000",206
21,5982108,和平東路二段集合式住宅建築獎..,4,7,1房2廳1衛,27.2,"68,000",345
22,5979748,光復南路近國父紀念館☼松菸☼..,7,13,1房2廳2衛,71.3,"120,000",217
23,5976156,瑞安街1+1房✯近大安站✯大安..,-1,7,2房2廳1衛,24.1,"36,000",834
24,6052813,安和路二段美樂【家是身心安頓..,3,17,3房2廳2衛,47.0,"60,000",24
25,6047085,光復南路美樂【優質社區高樓層..,17,19,3房2廳2衛,60.0,"90,000",60
26,6058149,仁愛路四段近仁愛圓環~捷運忠..,4,14,2房2廳1衛,19.2,"35,999",99
27,6058165,信義路四段近安和捷運站-,2,12,3房2廳2衛,33.2,"47,000",36
28,6027088,仁愛路四段408巷近國父紀念館..,2,9,1房1廳1衛,16.9,"36,000",270
29,5983412,敦化南路二段敦南林蔭住辦美廈,8,12,3房2廳2衛,46.2,"70,000",132
0,5983413,敦化南路二段舊鑽綠蔭高樓景觀..,15,21,5房2廳4衛,75.9,"88,000",161
1,6042924,光復南路逸仙名邸景觀美厦,10,12,3房2廳2衛,33.0,"46,000",218
2,6058618,光復南路國父紀念館逸仙香榭,5,7,3房3廳3衛,57.1,"98,000",54
3,5981986,樂業街159巷生活機能好近六張..,4,4,3房2廳1衛,30.0,"30,000",1424
4,6027017,仁愛路四段**仁愛路樓中樓大戶..,15,18,6房2廳4衛,118.0,"150,000",128
5,6048280,安和路二段經典名宅~凱旋門高..,12,17,4房2廳2衛,59.5,"100,000",41
6,5617969,仁愛路四段408巷仁愛路..,2,9,1房1廳1衛,22.0,"45,000",488
7,6034381,和平東路三段308巷近麟光捷運..,3,9,4房2廳2衛,49.0,"50,000",137
8,6027661,和平東路一段師大禮居優質宅第,14,18,4房2廳2衛,68.0,"70,000",267
9,6061332,羅斯福路三段捷運公館站4分【..,9,11,2房1廳1衛,16.0,"24,000",184
10,6052871,四維路198巷科技大樓捷..,9,19,2房2廳1衛,30.6,"29,800",261
11,6061219,潮州街師大旁潮州街美套房,3,4,1房1廳1衛,5.0,"11,500",188
12,6029901,建國南路一段175巷正義..,10,14,2房2廳2衛,33.4,"38,000",251
13,6032240,復興南路一段整層住家三..,4,4,3房2廳1衛,26.0,"26,800",979
14,6043634,復興南路一段126巷忠孝..,5,11,3房1廳1衛,24.0,"35,000",330
15,6033962,復興南路一段126巷近忠孝復興..,5,11,3房1廳1衛,24.0,"35,000",385
16,6036488,羅斯福路二段77巷古亭捷運站10..,3,5,3房2廳2衛,35.3,"42,000",100
17,5980385,臥龍街195巷六張犁.麟光雙捷..,4,5,3房2廳1衛,28.3,"32,000",527
18,6061007,大安路一段31巷微風頂好稀有整..,2,4,2房2廳1衛,26.0,"42,000",48
19,6053179,敦化南路一段忠孝敦化3房電梯..,3,13,3房2廳2衛,44.8,"68,000",64
20,5980865,忠孝東路四段216巷忠孝敦化電..,5,7,3房2廳2衛,41.3,"70,000",265
21,5950291,忠孝東路四段181巷短期出租--..,2,7,2房2廳2衛,20.0,"50,000",481
22,6052862,仁愛路三段帝寶我成交多戶此為..,8,18,開放式格局,210.7,"350,000",96
23,6052855,仁愛路四段408巷桓邦仁愛翠亨..,5,13,4房2廳4衛,107.0,"220,000",40
24,5993892,瑞安街120巷4房BedRM大安森..,5,11,4房2廳3衛,86.6,"140,000",232
25,6013938,大安路二段捷運大安站●全天管..,5,12,1房2廳1衛,20.6,"45,000",356
26,6009166,泰順街54巷泰順靜巷樓中樓,1,7,6房2廳3衛,100.0,"180,000",320
27,6035370,泰順街54巷泰順靜巷大戶,99,3,10房3廳3衛,130.0,"220,000",122
28,6049547,泰順街105巷師大靜美名廈,3,7,3房2廳2衛,48.5,"66,000",99
29,6060643,四維路52巷面公園景觀溫馨美屋,2,4,4房2廳2衛,47.9,"68,000",24
0,6047481,和平東路二段36巷大安森林公園..,9,10,4房2廳2衛,44.9,"48,000",256
1,6021722,青田街12巷青田稀有前庭後院~~..,1,6,3房2廳2衛,50.4,"99,999",126
2,6022997,忠孝東路四段101巷近忠孝敦化..,7,8,3房2廳2衛,35.0,"48,500",403
3,6060457,建國南路一段美樂~大安森林小..,10,13,3房2廳2衛,37.8,"63,999",24
4,6022405,樂利路5巷稀有大安區庭院車庫..,99,1,4房4廳3衛,70.0,"149,999",128
5,6022374,青田街7巷稀有庭院裝潢大4房..,1,6,4房2廳3衛,65.7,"110,000",169
6,6004397,臨江街2巷世貿站基隆路星巴客..,2,5,3房2廳1衛,23.0,"23,600",2197
7,6039446,安和路二段美樂【遠企商圈知名..,3,17,3房2廳2衛,47.0,"60,000",117
8,6060154,和平東路一段優質學區採光極佳..,14,18,2房2廳2衛,44.1,"60,000",34
9,6023027,安和路二段美樂~MRT5.對望遠企..,3,17,3房2廳2衛,47.0,"60,000",110
10,6001797,光復南路美樂【高樓層遠挑101*..,17,19,3房2廳2衛,60.0,"85,000",179
11,6041375,敦化南路二段11巷N1688信義安..,5,7,2房1廳1衛,31.1,"37,000",190
12,6041362,敦化南路二段11巷N1686信義安..,6,7,2房2廳2衛,27.9,"45,000",106
13,6009295,建國南路二段大安森林公園~熱..,3,5,4房2廳2衛,38.8,"35,000",718
14,6009618,市民大道三段全新高樓豪邸釋出..,11,23,3房2廳2衛,82.3,"170,000",223
15,6009271,瑞安街256巷大安森林公園靜巷..,7,9,3房2廳2衛,50.6,"190,000",131
16,6034123,和平東路三段遠企商圈~空間舒..,8,19,3房2廳2衛,58.7,"65,000",88
17,6034108,敦化南路一段252巷降價!!復興..,7,7,4房3廳3衛,91.5,"85,000",111
18,6044256,新生南路一段★大安森林公園站..,5,11,4房2廳3衛,83.3,"159,999",68
19,5996563,復興南路二段★近大安站★獨家..,6,8,3房2廳4衛,103.6,"250,000",279
20,6003366,仁愛路四段266巷仁愛國泰醫院..,100,7,2房1廳1衛,9.2,"32,800",733
21,6060011,基隆路二段頂客族的你妳優質享..,16,17,1房2廳1衛,32.0,"54,000",33
22,5992572,光復南路420巷國館全新裝潢3..,7,7,3房2廳2衛,30.0,"68,000",384
23,6030197,仁愛路四段★仁愛圓環★全新裝..,4,14,2房2廳1衛,19.2,"36,000",303
24,6001379,羅斯福路三段近古亭站全新耕曦..,12,25,3房2廳2衛,44.4,"78,000",222
25,6049820,敦化南路二段◎品味非凡◎全新..,7,7,3房3廳3衛,50.0,"89,000",49
26,6049807,"光復南路景●101★寬廣,無拘..",8,12,4房2廳2衛,57.9,"95,000",33
27,6045167,"金山南路二段寧靜美宅,人文薈..",2,4,2房2廳1衛,26.0,"32,499",148
28,6045160,"忠孝東路四段216巷都市核心,..",6,7,4房2廳2衛,42.6,"50,000",71
29,6045156,"溫州街◎台大師大◎書香菁華,..",3,6,2房2廳1衛,34.9,"38,000",241
0,6045151,和平東路三段◎風光旖旎◎景觀..,17,19,3房2廳2衛,78.6,"89,000",62
1,5998814,敦化南路一段★東區時尚藝術★..,3,11,2房2廳1衛,28.0,"48,000",232
2,5983174,"樂業街雅痞風流,超群絕倫,耀..",8,13,3房2廳2衛,79.9,"199,990",171
3,5983171,"永康街悠然自得,鳥語花香,超..",7,7,4房3廳3衛,72.8,"74,990",256
4,5983155,基隆路二段★謙回名邸★和平東..,11,13,3房2廳2衛,57.2,"94,900",160
5,5983151,敦化南路一段◎名人巷仁愛圓環..,7,7,5房2廳3衛,91.5,"85,000",285
6,5988357,建國南路一段◎潔白純淨◎鄉村..,10,13,3房2廳2衛,37.8,"64,000",348
7,5988369,安和路二段◎鳥語花香◎靜謐沉..,11,12,3房2廳2衛,54.2,"82,000",194
8,6006231,"安和路一段萬眾矚目,無與倫比..",4,16,4房2廳2衛,49.4,"59,000",212
9,6006237,"敦化南路一段161巷玉樹臨風,..",3,7,4房2廳2衛,52.2,"70,000",119
10,6006241,"仁愛路四段超大空間,精華地段..",2,7,3房2廳2衛,66.5,"65,000",153
11,6013674,信義路四段★MRT信義安..,5,6,4房2廳2衛,42.4,"63,000",147
12,6018971,"敦化南路二段萬眾矚目,文藝氣..",4,9,2房2廳2衛,60.8,"120,000",117
13,6018987,"四維路都會核心,炙手可..",3,4,4房2廳2衛,46.2,"62,000",124
14,6018992,"通安街耀眼璀璨,時尚格調,萬..",8,9,2房2廳2衛,25.7,"49,899",152
15,6018996,"忠孝東路四段品味人士,晉升名..",4,7,4房2廳2衛,44.3,"51,997",138
16,6030189,"敦化南路一段尊貴輝煌,鑽石名..",10,14,3房2廳2衛,62.4,"119,990",73
17,6030149,"復興南路二段書香菁華,政商雲..",5,12,3房2廳2衛,71.5,"119,900",88
18,6041791,"瑞安街★MRT大安★鳥語花香,..",6,6,2房2廳1衛,46.5,"65,000",61
19,6041793,永康街★MRT東門古亭★華麗裝..,2,12,3房2廳1衛,27.6,"48,000",167
20,6041794,"安和路一段鑽石敦化,東區,首..",11,12,3房3廳2衛,45.0,"78,000",48
21,6057839,和平東路三段◎MRT景觀宅◎仕..,15,19,3房2廳3衛,80.9,"119,990",20
22,6044130,復興南路二段151巷近捷運科技..,2,7,3房2廳2衛,36.6,"35,000",224
23,6006734,和平東路二段175巷近捷運站優..,2,10,1房2廳1衛,17.7,"33,500",282
24,6048018,忠孝東路四段正東區微奢華電梯..,4,12,2房1廳2衛,15.5,"47,000",44
25,6048033,羅斯福路二段MRT古亭現代簡約..,4,7,2房2廳2衛,42.0,"100,000",52
26,6054032,復興南路一段鉑斯精選❤近忠孝..,5,16,3房2廳2衛,54.4,"80,000",35
27,6055342,建國南路二段近信義路大安森林..,3,5,4房2廳2衛,38.8,"35,000",167
28,6025675,安和路二段近敦化南路、遠企商..,3,17,3房2廳2衛,47.0,"58,500",116
29,6023827,和平東路三段六張犁站麟光站~..,3,9,4房2廳2衛,60.0,"50,000",203
0,6059855,光復南路近信義計畫區.全新落..,13,14,3房2廳2衛,58.9,"80,000",20
1,6058650,光復南路MRT信義安和.全新落..,6,14,1房0廳1衛,11.1,"27,000",60
2,6049002,光復南路240巷MRT國父紀念館..,3,11,1房1廳1衛,15.2,"30,000",71
3,6041779,仁愛路四段408巷近國父紀念館..,2,9,1房1廳1衛,16.9,"36,000",150
4,6041495,羅斯福路三段MRT古亭.全新社..,3,25,2房2廳1衛,28.2,"40,000",233
5,6030111,羅斯福路三段MRT古亭.全新社..,9,25,2房2廳1衛,28.2,"45,000",108
6,6030109,青田街12巷青田靜巷.明亮絕美..,1,6,3房2廳2衛,50.4,"99,999",123
7,6059849,新生南路一段119巷忠孝新生捷..,3,5,1房2廳1衛,25.5,"25,000",216
8,6059875,光復南路MRT信義安和.全新落..,8,14,2房1廳1衛,22.6,"35,000",104
9,6041821,信義路四段265巷幸福久久窩*..,4,7,4房2廳2衛,36.3,"59,500",91
10,6030605,和平東路三段敦南遠企安和24H..,10,19,4房2廳3衛,79.1,"98,000",86
11,6043282,"仁愛路三段忠孝復興MRT,首屈一..",2,7,4房2廳2衛,43.3,"65,000",98
12,6012861,"信義路四段信義安和MRT,..",5,6,4房2廳2衛,42.4,"62,000",154
13,5987636,安和路二段「仲介費８折」信義..,11,25,4房2廳2衛,69.8,"99,000",143
14,5984206,羅斯福路三段「仲介費８折」古..,12,25,3房2廳2衛,44.4,"77,000",186
15,5984204,復興南路一段「仲介費８折」捷..,13,14,3房2廳2衛,56.0,"107,000",140
16,6033157,和平東路一段高樓採光3+1房~..,14,18,4房2廳2衛,67.0,"70,000",76
17,6029730,敦化南路二段敦南遠企商圈~住..,10,16,3房2廳2衛,35.7,"45,000",134
18,5974724,基隆路二段『仲介費８折』，六..,11,13,3房2廳2衛,57.2,"94,800",167
19,5974723,安和路一段仁愛圓環，嶄新裝潢..,11,12,3房3廳2衛,45.1,"77,000",154
20,5974716,復興南路二段『仲介費８折』科..,5,12,3房2廳2衛,71.5,"119,800",136
21,5974715,樂業街『仲介費８折』六張黎最..,8,13,3房2廳2衛,79.9,"199,989",163
22,5974705,仁愛路四段71巷『仲介費８折』..,2,7,3房2廳2衛,66.5,"64,990",169
23,5974696,通安街『仲介費８折』耀眼璀璨..,8,9,2房2廳2衛,25.7,"49,800",211
24,5974703,忠孝東路四段216巷『仲介費８..,6,7,4房2廳2衛,42.6,"49,990",218
25,5996462,"安和路二段六張黎遠企,氣派名..",3,17,3房2廳2衛,47.0,"58,500",185
26,6053485,"忠孝東路四段忠孝敦化MRT,東區..",4,12,2房1廳2衛,15.3,"46,900",48
27,6053494,"基隆路二段六張黎,101世貿,風..",16,17,1房2廳1衛,32.4,"54,990",65
28,6053504,"瑞安街大安捷運,都會風情,靜..",6,6,2房2廳1衛,46.5,"64,500",44
29,6036684,仁愛路四段151巷明曜商圈大四..,3,13,4房2廳3衛,77.0,"100,000",66
0,6033557,金山南路二段指標豪宅和平大苑..,9,14,3房2廳2衛,29.1,"80,000",127
1,6053066,瑞安街208巷【大安站】稀有靜..,6,7,2房2廳1衛,19.6,"41,000",73
2,6019638,泰順街近台電大樓站.優質文教..,4,7,2房1廳1衛,17.4,"45,000",209
3,6009157,杭州南路二段61巷近古亭..,4,6,2房2廳1衛,34.2,"55,300",316
4,6055146,仁愛路四段仁愛圓環★仙境：二..,4,14,2房2廳1衛,19.2,"36,000",101
5,6049358,忠孝東路四段216巷重新整理近..,4,7,3房2廳2衛,38.8,"56,000",58
6,5987843,仁愛路四段408巷*國父紀念館..,6,15,4房2廳4衛,108.0,"220,000",235
7,5987168,安和路二段23巷信義安和..,6,7,3房2廳2衛,32.0,"38,000",1536
8,6059048,信義路二段198巷捷運東門2分..,4,5,1房1廳1衛,15.0,"22,000",231
9,6031817,文昌街捷運信義安和站5分【全..,2,4,開放式格局,13.0,"26,000",432
10,6057314,敦化南路二段★MRT大安站★敦..,7,18,3房2廳2衛,44.4,"70,000",26
11,6007338,師大路近捷運台電大樓/古亭站..,8,13,1房1廳1衛,11.0,"25,800",882
12,6031210,市民大道三段住辦皆宜交通要道..,3,7,3房2廳2衛,41.6,"43,000",95
13,5986776,復興南路一段台北でのお部屋探..,5,16,3房2廳2衛,54.4,"79,999",180
14,5987990,"信義路二段氣派奢華,寮望無邊..",10,14,4房3廳2衛,101.0,"125,000",199
15,5993296,信義路二段極致裝潢雙主臥一層..,3,7,4房2廳3衛,72.2,"90,000",376
16,5974908,"復興南路一段都市核心,風光旖..",13,14,3房2廳2衛,56.0,"108,000",177
17,5977231,基隆路二段★奢華美居★適合有..,16,17,1房2廳1衛,32.4,"55,000",406
18,5997684,"光復南路富麗堂皇,指標豪宅高..",17,19,3房2廳2衛,61.2,"90,000",177
19,5977286,信義路四段265巷極致裝潢綠意..,1,7,3房2廳3衛,38.3,"98,000",349
20,6008857,信義路四段★MRT大安站★遼闊..,12,17,4房2廳3衛,60.0,"78,000",147
21,6045041,和平東路三段308巷麟光捷運*..,3,9,4房2廳2衛,60.0,"50,000",76
22,6009290,和平東路二段311巷科技大樓捷..,5,5,2房1廳1衛,15.0,"28,000",909
23,5998023,金山南路二段古亭/東門雙捷運..,2,4,2房2廳1衛,26.0,"32,500",345
24,6020365,瑞安街208巷瑞安街安靜漂亮方..,3,4,3房2廳2衛,31.2,"40,000",577
25,5991529,金華街106巷東門捷運3..,4,6,1房0廳1衛,15.6,"23,000",2355
26,6029277,和平東路一段大安稀有兩房/近..,10,11,2房2廳1衛,22.3,"39,000",310
27,6029275,復興南路一段253巷大安超優三..,13,14,3房2廳2衛,32.2,"43,000",92
28,6043351,敦化南路一段187巷忠孝敦化/..,3,11,2房2廳1衛,52.4,"48,000",115
29,6048656,仁愛路四段仁愛圓環敦化商圈生..,4,14,2房1廳1衛,19.2,"36,000",162
0,6059557,和平東路三段遠企安和稀有高樓..,10,14,3房2廳2衛,63.9,"68,000",28
1,6016618,忠孝東路四段♦東區精華地段♦..,4,12,2房1廳1衛,15.5,"47,000",127
2,5998969,忠孝東路四段216巷☀忠孝216..,6,7,4房2廳2衛,42.6,"50,000",172
3,6044919,信義路二段近東門站邊間採光通..,6,13,1房1廳1衛,27.2,"35,000",205
4,6056187,忠孝東路三段SOGO美二房:屋美..,13,14,2房2廳1衛,27.1,"32,000",192
5,6059515,仁愛路四段345巷【忠孝敦化】..,4,7,2房2廳2衛,41.6,"63,000",22
6,6052149,新生南路一段優質豪邸，一層一..,5,11,4房2廳3衛,83.3,"160,000",51
7,6014300,仁愛路四段~*仁愛路大氣豪邸/..,15,18,6房2廳4衛,118.0,"150,000",186
8,6050546,和平東路二段★科技大樓★稀有..,13,13,1房2廳2衛,41.6,"75,000",45
9,5977106,敦化南路一段【忠孝敦化】東區..,10,14,3房2廳2衛,62.4,"120,000",123
10,5977007,光復南路國父紀念館，大巨蛋高..,10,13,4房2廳2衛,71.3,"150,000",165
11,6022443,光復南路★東區國父紀念館名邸..,10,13,4房2廳2衛,71.3,"149,999",105
12,6056670,安和路二段★六張犁遠企★林蔭..,3,17,3房2廳2衛,47.0,"58,000",29
13,6020685,安和路二段★信義安和遠企4房..,11,25,4房2廳2衛,69.8,"98,800",167
14,6020460,羅斯福路三段★近古亭台電★耕..,12,25,3房2廳2衛,44.4,"78,000",178
15,5997867,羅斯福路二段81巷2分古亭站、..,5,8,1房1廳1衛,10.7,"27,000",562
16,5978421,安和路一段近仁愛敦南圓環、忠..,11,12,3房2廳2衛,45.1,"78,000",144
17,5974989,瑞安街81巷全新簡易裝潢、另外..,2,13,4房2廳3衛,112.6,"280,000",248
18,6059434,敦化南路二段敦南信義路口~大..,9,16,1房1廳1衛,20.2,"30,000",105
19,5988329,忠孝東路四段捷運忠孝敦化★二..,4,12,2房1廳2衛,15.5,"47,000",176
20,6059420,和平東路三段308巷捷運麟光站..,6,9,4房2廳2衛,35.5,"50,000",21
21,5991106,光復南路240巷全天管理●捷運..,3,11,1房1廳1衛,15.2,"27,000",252
22,6050488,永康街37巷東門站●永康商圈●..,1,5,2房1廳1衛,23.7,"42,000",85
23,6020514,仁愛路四段仁愛圓環●稀有時尚..,4,14,2房2廳1衛,19.2,"35,999",200
24,5991084,永康街37巷東門站●永康商圈●..,1,5,2房1廳1衛,23.7,"42,000",424
25,5991110,敦化南路一段161巷東區採光4..,2,7,4房2廳2衛,52.2,"70,000",150
26,6051429,羅斯福路二段81巷㊝古亭站~稀..,4,5,2房2廳1衛,28.3,"45,000",47
27,6056758,永康街37巷東門站●永康商圈●..,1,5,2房1廳1衛,23.7,"42,000",42
28,5976728,仁愛路二段20巷MRT東門..,5,6,4房2廳2衛,57.6,"68,000",191
29,6042586,光復南路㊝信義安和站~居高臨..,17,19,3房2廳2衛,60.0,"90,000",54
0,6023577,仁愛路四段仁愛圓環~設計師美..,4,14,2房2廳1衛,19.2,"36,000",253
1,6018568,光復南路240巷國父紀念館~優..,7,11,2房1廳1衛,19.7,"42,000",149
2,6018565,仁愛路三段118巷㊝近師大附中..,2,6,2房2廳2衛,26.9,"50,000",127
3,6017507,仁愛路四段408巷國父紀念館站..,2,9,1房1廳1衛,16.9,"36,000",250
4,6017316,光復南路信義安和站~高樓層設..,12,15,3房2廳2衛,33.8,"65,000",209
5,5978474,安和路二段㊝信義安和站~稀有..,5,25,4房2廳2衛,68.3,"90,000",153
6,6042770,八德路二段10巷忠孝新生北科大..,3,5,4房2廳2衛,34.8,"30,000",635
7,6050190,瑞安街214巷瑞安美廈7樓,7,7,3房2廳2衛,31.0,"47,000",59
8,6021843,復興南路二段科技大樓站三房美..,8,18,3房2廳2衛,41.2,"40,000",461
9,6011341,和平東路三段308巷捷運麟光站..,3,9,4房2廳2衛,60.0,"50,000",172
10,6011404,瑞安街214巷瑞安街~公園電梯..,7,7,3房2廳2衛,31.0,"47,000",457
11,6032528,復興南路二段科技大樓MRT~高樓..,8,18,3房2廳2衛,41.2,"40,000",398
12,5986110,光復南路菁華戶頂級飯店式泳池..,12,14,2房1廳1衛,22.0,"40,000",933
13,5999859,和平東路二段科技大樓站旁附全..,13,13,1房2廳2衛,28.0,"75,000",220
14,6023222,安和路二段遠企立人小學頂級純..,3,17,3房2廳2衛,47.0,"60,000",117
15,6018771,仁愛路四段忠孝復興站復興小學..,2,7,3房2廳2衛,67.0,"60,000",187
16,6018768,復興南路一段大安站旁頂級住宅..,13,15,3房2廳2衛,63.0,"110,000",118
17,6014892,安和路二段全新裝潢頂級大戶中..,22,25,5房3廳4衛,117.9,"160,000",173
18,6017676,臥龍街43巷六張犁臥龍街★高樓..,11,11,3房2廳2衛,38.4,"52,000",201
19,5950477,臥龍街43巷x張犁臥龍街★高樓..,11,11,3房2廳2衛,38.4,"52,000",330
20,6059208,敦化南路一段252巷名人巷優質..,7,7,4房3廳3衛,91.0,"85,000",16
21,6059206,忠孝東路四段東區優質裝潢住宅..,4,12,2房2廳2衛,15.0,"47,000",25
22,6056913,敦化南路二段遠企正對面..,5,14,2房2廳1衛,26.8,"32,000",275
23,6059203,和平東路三段308巷一層一戶優..,3,9,4房2廳2衛,73.0,"50,000",38
24,6059201,忠孝東路四段223巷東區優質住..,4,7,3房2廳2衛,39.0,"46,000",43
25,6055854,濟南路三段忠孝新生捷運黃金地..,3,7,4房2廳3衛,58.0,"60,000",54
26,6058273,信義路四段近信義安和、敦安公..,2,7,3房2廳2衛,32.0,"68,000",47
27,6052129,敦化南路一段東區精選1+1房~..,3,8,2房1廳1衛,17.0,"43,000",74
28,6051934,忠孝東路四段3房~近敦南誠品..,6,6,3房2廳2衛,48.0,"100,000",28
29,6042938,仁愛路三段東區~近MRT忠孝復..,2,7,4房2廳2衛,43.0,"65,000",81
0,6034156,建國南路一段東區首選優..,10,14,2房2廳2衛,33.0,"40,000",215
1,6051904,仁愛路四段東區精選~優質裝潢..,4,7,2房2廳2衛,42.0,"65,000",44
2,6048954,和平東路三段優質裝潢2+1房~..,11,14,3房2廳2衛,58.0,"80,000",50
3,6031189,光復南路優質裝潢~黃金地段~..,6,14,1房1廳1衛,22.0,"42,000",144
4,6013965,仁愛路四段忠孝敦化精選三房~,2,7,3房2廳2衛,47.0,"65,000",219
5,6014414,永康街~近大安森林公園~捷運..,5,5,5房2廳3衛,46.0,"50,000",340
6,5979753,復興南路一段忠孝SOGO正隔壁~..,5,16,3房2廳2衛,54.0,"80,000",183
7,5979145,光復南路1+1和室~大安區氣派..,11,14,2房1廳1衛,27.0,"51,000",216
8,5976454,忠孝東路四段東區精選~裝潢佳..,6,7,2房2廳1衛,18.0,"63,000",227
9,6059156,光復南路優質裝潢即可入住,12,15,3房2廳2衛,33.0,"65,000",37
10,5916577,安和路二段217巷遠企靜巷雅寓,2,5,3房2廳2衛,31.7,"36,000",1766
11,6048646,新生南路一段143巷大安公園+..,2,7,3房2廳2衛,32.3,"44,500",144
12,5990519,仁愛路四段71巷仁愛圓環靜巷大..,2,7,3房2廳2衛,66.0,"65,000",179
13,5924358,信義路二段東門捷運站中正國中..,3,11,1房1廳1衛,11.0,"32,999",691
14,6054105,建國南路二段大安森林公園市立..,2,4,1房1廳1衛,16.0,"22,000",349
15,6049632,和平東路三段『★Taipei☆101..,17,19,3房2廳2衛,79.0,"84,990",52
16,6058776,忠孝東路四段223巷『☆秒殺！..,4,7,3房2廳2衛,45.0,"45,990",75
17,6058708,忠孝東路四段223巷『☆秒殺！..,4,7,3房2廳2衛,45.0,"45,990",60
18,6056877,安和路一段近仁愛路.敦化南路..,4,16,4房2廳2衛,49.4,"59,000",35
19,6036724,仁愛路四段生活機能完善住宅,3,15,2房2廳2衛,40.0,"75,000",94
20,6036707,仁愛路四段附全套傢俱按摩浴缸,3,15,2房2廳2衛,40.0,"75,000",87
21,5997103,仁愛路四段仁愛林蔭舒適二房好..,3,15,2房2廳2衛,40.0,"75,000",258
22,6002237,忠孝東路四段216巷忠孝敦化+..,5,7,3房2廳2衛,41.0,"70,000",180
23,6043076,溫州街捷運600公尺台大電梯2..,4,7,2房1廳1衛,20.0,"30,000",577
24,6025497,復興南路一段**近忠孝復..,100,7,2房1廳1衛,18.0,"25,000",1470
25,5976953,光復南路我最便宜國館捷運電梯..,3,7,1房1廳1衛,41.9,"52,000",272
26,6057826,基隆路二段近光復南路口.生活..,11,12,2房1廳2衛,13.7,"37,800",56
27,6039973,敦化南路二段★敦南遠企雙捷運..,10,16,3房2廳2衛,35.7,"44,999",134
28,6019688,仁愛路四段★仁愛圓環林蔭美裝..,4,14,2房2廳1衛,19.2,"36,000",230
29,6057799,新生南路一段133巷★大安森林..,4,6,6房2廳4衛,136.3,"159,999",21
0,6057745,光復南路靠近信義安和站國父紀..,4,9,2房2廳1衛,21.9,"26,000",368
1,6002206,和平東路二段★大安森林公園★..,6,11,3房2廳2衛,37.8,"79,000",147
2,5998635,新生南路三段星雲大廈高樓,10,14,2房2廳2衛,36.4,"40,000",407
3,6057530,市民大道四段東區優雅吧檯兩房,3,7,2房1廳1衛,15.0,"29,000",192
4,6057521,忠孝東路三段251巷近忠孝復興..,4,4,3房2廳1衛,36.3,"48,000",43
5,6057499,仁愛路四段仁愛圓環林蔭大道●..,3,14,3房2廳2衛,65.3,"110,000",30
6,6057468,光復南路240巷國父紀念館MRT..,7,7,3房2廳2衛,30.0,"52,800",42
7,6036411,安和路二段知名社區/名人居/..,3,17,3房2廳2衛,37.6,"60,000",111
8,6057385,安和路一段近信義安和站*仁愛..,4,16,4房2廳2衛,49.4,"59,000",23
9,6057370,忠孝東路四段216巷東區精華地..,6,7,4房2廳2衛,42.6,"50,000",31
10,6023877,仁愛路四段122巷捷運信義安和..,12,14,4房2廳2衛,42.3,"50,000",155
11,6035456,光復南路信義安和美裝三房,5,12,3房2廳2衛,33.7,"65,000",148
12,6057194,復興南路二段12巷大安捷運站口..,2,7,3房2廳2衛,55.0,"58,000",31
13,6048632,安和路二段近信義安和站~信義..,6,12,1房1廳1衛,19.1,"42,000",51
14,6041714,仁愛路四段408巷鄰近國父紀念..,2,9,1房1廳1衛,22.2,"42,000",96
15,5991775,基隆路二段鄰近六張犁捷運站~..,11,13,3房2廳2衛,57.2,"94,999",124
16,6022159,敦化南路二段331巷舒適面樹海..,4,7,2房2廳2衛,37.1,"39,800",531
17,6022208,基隆路二段近六張犁捷運站住辦..,3,7,3房2廳2衛,37.5,"33,000",379
18,6045241,信義路二段東門站獨棟華廈,3,7,3房2廳3衛,34.8,"110,000",73
19,6057020,信義路二段148巷✿信義麗水『..,3,7,4房2廳3衛,72.2,"110,000",24
20,6001714,延吉街70巷靚~國館邊間三面採..,4,4,2房1廳1衛,24.9,"30,000",737
21,6010969,新生南路一段133巷鄰大安森林..,4,6,5房2廳4衛,136.3,"180,000",161
22,6009999,和平東路二段近科技大樓站*精..,13,13,1房1廳2衛,41.6,"80,000",144
23,5992216,敦化南路一段近忠孝敦化站*東..,10,12,3房2廳2衛,62.4,"120,000",119
24,5992206,光復南路近信義安和站*知名建..,17,19,3房2廳2衛,60.0,"90,000",111
25,5991840,敦化南路一段161巷近忠孝敦化..,2,7,4房2廳2衛,52.2,"70,000",139
26,6032258,安和路一段旺德美客§近忠孝敦..,11,12,3房2廳2衛,45.1,"78,000",60
27,6017904,新生南路一段103巷旺德美客§..,4,5,3房3廳2衛,48.0,"80,000",144
28,6054044,仁愛路三段143巷旺德美客§近..,2,7,4房2廳2衛,43.3,"65,000",45
29,6023822,信義路三段147巷旺德美客§近..,6,7,4房1廳2衛,39.5,"65,000",104
0,5979713,光復南路旺德美客§近國父紀念..,10,13,4房2廳2衛,71.3,"150,000",189
1,6048271,復興南路二段90巷旺德美客★捷..,6,7,2房1廳1衛,23.4,"42,000",47
2,6055333,四維路52巷旺德美客★捷運大安..,2,4,4房2廳2衛,48.0,"68,000",29
3,6033290,樂利路5巷旺德美客★近捷運信..,99,2,4房2廳4衛,34.3,"150,000",72
4,5986809,安和路二段旺德美客★近捷運六..,3,17,3房2廳2衛,47.0,"60,000",171
5,6018829,信義路四段265巷旺德美客◆近..,3,7,3房2廳2衛,38.7,"60,000",107
6,5980796,和平東路二段旺德美客◆科技大..,6,11,3房2廳2衛,37.8,"79,000",218
7,6041057,和平東路三段308巷旺德美客§..,3,9,4房2廳2衛,37.4,"50,000",89
8,5998340,和平東路一段183巷旺德美客§..,1,5,7房3廳4衛,53.6,"130,000",123
9,5986825,羅斯福路三段17巷旺德美客§近..,4,4,3房2廳2衛,36.0,"36,000",333
10,6044914,新生南路一段161巷旺德美客Φ..,1,6,開放式格局,59.5,"270,000",55
11,6029281,信義路二段198巷近大安森林公..,3,6,1房1廳1衛,13.7,"29,990",467
12,6045434,復興南路一段旺德美客Φ信義路..,13,14,3房2廳2衛,36.8,"108,000",51
13,6001934,光復南路旺德美客Φ捷運國父紀..,8,12,4房2廳2衛,57.9,"95,000",130
14,6029264,安和路一段交通便利適合家庭鄰..,8,16,4房2廳2衛,51.5,"68,000",105
15,5977961,羅斯福路四段旺德美客Φ捷運公..,12,12,3房2廳2衛,29.7,"40,000",221
16,6019435,和平東路一段近師大夜市~全新..,9,11,3房2廳2衛,36.7,"58,000",309
17,6016476,臥龍街高樓層~採光好~家具齊..,12,13,2房2廳1衛,24.6,"40,000",537
18,6010301,永康街75巷3房+1和~近金華國..,7,7,4房3廳3衛,72.8,"75,000",162
19,6030831,光復南路近捷運站~3+1書~近京..,10,13,4房2廳2衛,71.3,"150,000",66
20,6001789,瑞安街120巷10年內新成屋、生..,5,11,3房2廳3衛,86.6,"125,000",105
21,5988647,復興南路一段日商首選優質地段..,5,16,3房2廳2衛,54.0,"80,000",161
22,6008824,安和路一段優質管理仁愛安和全..,11,12,3房2廳2衛,45.0,"78,000",89
23,6008834,光復南路240巷全天管理國父紀..,3,11,1房1廳1衛,15.0,"30,000",231
24,6018910,安和路二段信義安和MRT．氣派..,11,25,4房2廳2衛,69.8,"100,000",82
25,6031074,光復南路240巷MRT國父紀念館..,7,11,2房1廳1衛,19.7,"42,000",112
26,6039779,和平東路一段森林公園旁有裝潢..,10,11,2房2廳1衛,22.0,"39,000",247
27,6039825,和平東路三段榮耀敦南遠企豪邸,8,19,3房2廳2衛,37.6,"65,000",80
28,6039834,"樂業街低調奢華,靜巷豪邸",4,13,3房2廳2衛,40.0,"68,000",84
29,6054835,敦化南路二段科技大樓/六張犁..,10,16,3房2廳2衛,35.7,"45,000",53
0,6027036,敦化南路二段科技大樓/六張犁..,10,16,3房2廳2衛,35.7,"45,000",158
1,6056633,信義路三段大安站下樓即到站便..,12,12,3房1廳1衛,24.0,"35,000",135
2,6008882,青田街6巷金華街永康街麗水街..,3,4,4房2廳2衛,43.5,"41,000",458
3,6056305,通化街六張犁捷運站靜巷兩房,4,4,2房1廳1衛,15.0,"32,000",129
4,6007749,忠孝東路四段248巷忠孝敦化捷..,4,5,1房0廳1衛,11.0,"22,000",836
5,6041675,安和路二段凱旋門~遠企商圈大..,3,17,3房2廳2衛,47.0,"60,000",60
6,6055343,仁愛路四段345巷捷運忠孝敦化..,4,7,2房2廳2衛,41.6,"65,000",39
7,6042995,和平東路三段市區地鐵景觀家庭..,8,12,2房1廳1衛,15.0,"32,000",436
8,6043179,光復南路三捷運101六張犁安和..,10,19,2房2廳1衛,25.0,"38,000",252
9,6054879,仁愛路四段仁愛林蔭(Br18002),7,12,5房2廳2衛,71.0,"100,000",31
10,6040617,建國南路一段忠孝東路三段/忠..,10,14,2房2廳2衛,33.0,"36,000",259
11,6044409,東豐街大安捷運站/復興..,8,14,1房1廳1衛,18.0,"30,000",208
12,6014209,和平東路三段308巷麟光捷運站..,3,9,4房2廳2衛,60.0,"50,000",158
13,6016898,安居街六張犁捷運/和平東路三..,5,7,3房2廳2衛,44.0,"30,000",697
14,5996657,敦化南路一段忠孝敦化捷..,3,11,2房2廳1衛,27.0,"48,000",281
15,6036237,信義路四段信義安和捷運站/光..,8,15,2房2廳2衛,53.0,"80,000",71
16,6029476,忠孝東路三段忠孝復興正義三房..,4,14,3房2廳1衛,32.6,"43,500",195
17,6034464,建國南路一段面大安森林公園、..,14,14,2房2廳2衛,25.0,"40,000",627
18,6044691,忠孝東路四段國父紀念館2房,7,12,2房2廳1衛,23.6,"38,000",240
19,6020259,羅斯福路三段MRT公館站、台灣..,16,19,4房2廳3衛,108.1,"119,999",139
20,5984801,仁愛路四段222巷MRT忠孝敦化..,2,9,1房1廳1衛,12.9,"29,999",433
21,6019649,仁愛路四段MRT忠孝敦化仁愛圓..,5,14,2房2廳1衛,19.8,"31,500",533
22,6010817,和平東路三段308巷六張犁捷運..,3,9,4房2廳2衛,60.0,"50,000",289
23,6054258,四維路★近大安站★超大露臺~..,4,11,3房2廳3衛,90.0,"120,000",64
24,6054188,瑞安街208巷近大安站瑞安靜巷..,3,7,3房2廳2衛,50.5,"110,000",36
25,5983454,瑞安街208巷2bdrmDaAnPark5mi..,6,7,2房1廳1衛,20.0,"50,000",143
26,6040520,新生南路一段143巷【大安森林..,3,5,3房2廳1衛,25.9,"34,000",540
27,6030960,仁愛路四段仁愛名宅高樓氣派樓..,15,19,6房3廳4衛,118.0,"134,999",112
28,6011265,仁愛路四段151巷明曜百貨寧靜..,13,13,3房2廳3衛,50.6,"59,000",186
29,6044748,敦化南路二段近信義安和捷運~..,9,21,3房2廳3衛,77.3,"110,000",53
0,6046581,忠孝東路三段❤忠孝新生捷運站..,6,13,3房2廳2衛,38.8,"50,000",147
1,6026926,光復南路240巷❤快!正一房❤..,3,11,1房1廳1衛,11.0,"29,000",279
2,6004655,光復南路台北101世貿/東區/..,9,19,1房1廳1衛,20.8,"38,000",292
3,6052754,敦化南路一段「仲介費８折」大..,7,7,5房2廳3衛,91.5,"84,999",38
4,6052751,"信義路二段永康東門,稀有雙主..",3,7,4房2廳3衛,79.3,"89,999",39
5,5975503,"信義路二段一秒東門,奢華享受..",7,14,4房2廳2衛,63.3,"84,000",302
6,5978617,敦化南路一段「仲介費８折」忠..,3,7,4房2廳2衛,52.2,"69,000",168
7,5986226,"信義路二段１分東門,尊爵榮耀..",10,14,4房3廳2衛,101.0,"124,000",199
8,5975546,光復南路「仲介費８折」信義安..,17,19,3房2廳2衛,74.8,"88,000",216
9,5978645,金山南路二段「仲介費８折」古..,2,4,2房2廳1衛,26.0,"32,499",307
10,5975535,敦化南路二段「仲介費８折」信..,4,9,2房2廳2衛,60.8,"120,000",146
11,5978608,仁愛路四段仲介費８折市政府站..,7,11,4房2廳2衛,90.6,"110,000",176
12,6045467,新生南路二段正面大安森林公園..,2,15,4房2廳4衛,151.0,"200,000",77
13,5986807,敦化南路一段東區忠孝敦化名宅..,10,12,3房2廳2衛,62.0,"120,000",199
14,5976702,安和路二段信義安和遠企樹海名..,6,25,3房2廳2衛,62.0,"120,000",306
15,6049498,忠孝東路四段忠孝敦化站.ZARA..,9,11,1房1廳1衛,12.6,"30,000",315
16,6042072,復興南路二段科技大樓站附近3..,8,18,3房2廳2衛,41.2,"40,000",249
17,6031127,信義路二段東門捷運採光明亮方..,5,7,3房2廳2衛,86.5,"84,000",100
18,6031035,信義路三段高雅裝潢空間寬敞正..,6,7,4房2廳2衛,41.3,"60,000",126
19,6030974,四維路寬敞房間近學區環境清幽..,2,4,4房2廳2衛,47.8,"68,000",67
20,6030937,通安街信義安和站高樓景觀採光..,8,9,2房2廳2衛,24.9,"50,000",103
21,6030927,復興南路二段大安捷運◇大安高..,6,7,2房2廳2衛,36.0,"45,000",169
22,6020538,忠孝東路四段溫馨裝潢*格局方..,6,6,2房2廳2衛,58.7,"97,000",138
23,5989531,信義路四段信義路優質住宅方正..,1,7,3房2廳2衛,38.3,"98,000",170
24,6002983,安和路二段安和路名宅精選美大..,11,25,4房2廳2衛,69.8,"100,000",125
25,6025944,羅斯福路二段師大古亭商圈靜巷..,4,7,2房2廳2衛,42.6,"100,000",116
26,6051886,和平東路三段六張犁捷運。高樓..,15,19,3房2廳3衛,80.9,"120,000",50
27,6038396,忠孝東路四段223巷明曜商圈三..,4,7,3房2廳2衛,39.6,"46,000",166
28,6051334,延吉街東區一街地點絕佳生活機..,5,6,3房2廳2衛,35.0,"27,000",552
29,6029589,仁愛路四段小巢何雅婷～仁愛圓..,5,12,4房2廳2衛,66.0,"150,000",91
0,6021738,仁愛路四段優質!仁愛敦南圓環..,10,15,2房1廳2衛,46.8,"60,000",103
1,6026624,建國南路一段279巷臨近..,15,15,1房1廳1衛,15.0,"18,000",1712
2,6050637,和平東路二段外商主管華僑駐台..,13,13,1房2廳2衛,41.0,"80,000",54
3,6050634,忠孝東路四段四房兩廳三衛精緻..,13,13,4房2廳3衛,67.0,"95,000",49
4,6025714,瑞安街31巷近大安捷運站寧靜高..,6,6,2房2廳1衛,46.5,"65,000",117
5,5967098,通化街57巷通化街寧靜溫馨~二..,4,4,2房1廳1衛,22.0,"22,000",2670
6,6003337,敦化南路一段160巷忠孝敦化捷..,4,4,2房1廳1衛,10.0,"25,000",938
7,6039338,敦化南路二段敦南樹海.高樓景..,9,21,4房2廳3衛,77.3,"110,000",67
8,6039332,安和路一段忠孝敦化MRT.東區商..,11,12,4房2廳2衛,45.1,"78,000",46
9,6039327,新生南路一段133巷近仁愛路...,4,6,5房2廳4衛,136.3,"179,999",57
10,6039314,信義路三段147巷大安MRT!復興..,6,7,4房2廳2衛,41.3,"60,000",64
11,6039306,安和路二段59巷近信義路.通化..,2,7,4房2廳3衛,31.4,"73,999",76
12,6010130,敦化南路一段東區CP值爆表~住..,3,12,3房2廳2衛,44.8,"63,000",162
13,6048691,忠孝東路四段東區明曜商圈超美..,4,12,2房1廳1衛,21.0,"47,000",102
14,6029977,臥龍街43巷遠企商圈敦南靜巷宅..,11,11,3房2廳2衛,38.3,"52,000",131
15,5976295,安和路二段信義安和1+1美居,6,12,1房1廳1衛,19.0,"37,000",609
16,5904497,安和路一段仁愛國中國小學信義..,5,7,4房2廳2衛,38.0,"50,000",443
17,5997843,安和路一段敦南安和優質名宅,11,12,3房2廳2衛,45.0,"78,000",134
18,6021802,信義路三段大安森林公園4房坡..,11,13,4房3廳2衛,80.4,"118,000",272
19,6043872,"羅斯福路三段高樓層,近..",9,11,2房1廳1衛,18.0,"25,000",1104
20,5981379,敦化南路二段敦南林蔭邊間景觀..,9,17,1房1廳1衛,20.0,"30,000",907
21,6026927,敦化南路二段敦南林蔭邊間美居,6,16,2房1廳1衛,20.8,"35,000",554
22,6008581,光復南路290巷國父紀念..,5,14,開放式格局,43.5,"52,000",415
23,6023967,"光復南路採光電梯2房近101,世..",7,14,2房2廳2衛,34.3,"38,000",511
24,5954870,"光復南路國父紀念館附近,電梯..",9,9,1房1廳2衛,14.0,"18,000",709
25,5989326,羅斯福路二段墨花香全新2房,3,15,2房2廳1衛,20.0,"50,000",644
26,6038190,敦化南路一段忠孝敦化商圈裝潢..,5,14,4房2廳2衛,50.0,"68,000",110
27,6015762,和平東路三段外商首選~時尚美..,15,19,3房2廳3衛,80.9,"120,000",131
28,6044248,文昌街捷運信義安和旁公寓一樓..,1,4,3房1廳2衛,28.0,"33,000",460
29,6045748,四維路66巷敦仁信義新城,7,16,3房2廳2衛,52.5,"53,000",105
0,6039239,仁愛路四段鳳翔~本棟我最熟，..,13,22,4房2廳3衛,70.0,"110,000",92
1,6045478,復興南路一段219巷忠孝復興大..,2,7,3房2廳1衛,36.0,"50,000",164
2,5976643,信義路四段★捷運信義安和★優..,2,12,3房2廳2衛,33.2,"47,996",179
3,5976625,新生南路一段近大安森林公園大..,4,6,6房2廳4衛,136.3,"168,888",220
4,5989695,大安路一段★忠孝復興捷運站旁..,5,12,1房1廳1衛,49.9,"75,997",135
5,5976588,大安路二段27巷大安站美妝豪邸,4,7,3房2廳2衛,70.2,"178,000",153
6,6009644,信義路三段★捷運大安站★平面..,7,14,開放式格局,11.8,"25,000",619
7,6034221,仁愛路四段★仁愛圓環★優質2..,5,14,2房2廳1衛,19.8,"32,000",441
8,6004376,敦化南路一段捷運忠孝敦化.東..,10,14,3房2廳2衛,60.8,"119,900",98
9,6037134,忠孝東路三段台北忠孝新生捷運..,6,13,3房2廳2衛,39.0,"50,000",330
10,6042588,仁愛路四段仁愛逸仙(Lr17003),7,11,4房2廳2衛,68.0,"120,000",49
11,6042040,通化街123巷整層倉儲出租,-1,6,開放式格局,40.0,"9,500",314
12,6041942,忠孝東路四段216巷『☆秒殺正..,7,7,4房2廳2衛,48.0,"45,000",134
13,6016617,光復南路290巷捷運國父紀念館..,3,4,3房2廳2衛,25.2,"40,000",344
14,5989272,通化街140巷通化商圈靜巷美寓,4,5,3房2廳2衛,36.1,"30,000",753
15,5984697,敦化南路一段187巷美式簡約風..,3,11,2房2廳1衛,27.0,"47,000",324
16,6016491,仁愛路四段408巷精品時尚小資..,2,9,1房1廳1衛,22.2,"43,000",175
17,5996192,仁愛路四段122巷信義路高樓層..,12,14,4房2廳2衛,42.3,"49,500",227
18,6038853,復興南路一段135巷忠孝復興站..,5,12,2房1廳1衛,19.6,"30,000",371
19,5951519,嘉興街六張犁站x庭院車庫1樓..,1,4,3房2廳2衛,46.0,"60,000",734
20,6028420,通化街57巷通化街近信義..,4,4,2房0廳1衛,15.0,"13,000",2545
21,6037466,光復南路光復高樓絕美新裝潢,10,14,1房2廳1衛,19.0,"45,000",112
22,6014944,復興南路二段151巷精華地段住辦大樓近捷運,3,7,2房1廳1衛,30.0,"29,800",383
23,5975078,忠孝東路四段忠孝敦化精緻歐洲..,8,14,3房2廳2衛,47.4,"79,000",216
24,6011094,仁愛路四段【投資價】全天管理..,3,14,4房3廳2衛,65.3,"60,000",402
25,6009537,復興南路一段107巷忠孝復興捷..,2,15,2房2廳2衛,35.5,"48,000",290
26,6029298,通化街交通便利，晚歸者安全無虞。,7,7,2房1廳1衛,18.0,"20,000",1769
27,6030678,仁愛路四段亞州大廈辦公室及個..,13,14,開放式格局,23.0,"40,000",107
28,6014383,和平東路二段大安森林美廈,8,12,3房2廳2衛,39.0,"48,000",260
29,6030598,安東街40巷電梯華廈2房含家具,7,8,2房1廳1衛,20.0,"38,000",337
0,6013904,復興南路二段151巷近捷運※建..,2,17,3房2廳1衛,29.6,"34,000",701
1,6006554,光復南路近捷運、臨江夜市※高..,17,19,3房2廳2衛,60.0,"90,000",94
2,5978344,忠孝東路四段216巷近捷運高樓..,6,7,4房2廳2衛,42.6,"50,000",175
3,5933912,敦化南路二段敦南新鑽名宅,13,24,5房2廳4衛,86.1,"160,000",78
4,5997851,忠孝東路四段170巷忠孝敦化站..,6,6,3房2廳2衛,58.1,"100,000",225
5,6028920,和平東路二段36巷大安森林公園..,9,10,4房2廳2衛,45.0,"53,000",145
6,6027220,安和路一段近捷運全新裝潢3+1..,11,12,4房2廳2衛,45.1,"78,000",83
7,6025936,光復南路240巷近捷運國父紀念..,3,11,1房1廳1衛,15.3,"27,000",480
8,6017522,忠孝東路四段忠孝東路四段.明..,4,12,2房2廳2衛,17.0,"47,000",131
9,5978317,和平東路三段國立台北教..,7,12,1房1廳1衛,12.9,"20,000",2988
10,6021747,青田街7巷青田綠蔭華廈~~信任..,2,5,2房2廳1衛,23.1,"35,000",747
11,6005994,復興南路二段151巷成功國宅屋..,2,17,3房2廳1衛,31.2,"34,000",1519
12,6016989,仁愛路四段408巷仁愛逸仙時上..,2,9,1房1廳1衛,27.4,"36,000",336
13,6016163,"敦南街敦藏,奢華低調,裝新整..",1,11,5房2廳4衛,54.0,"180,000",196
14,5977298,復興南路一段253巷大安雙捷運..,13,14,3房2廳2衛,36.5,"45,000",205
15,6010594,信義路二段44巷東門捷運。永康..,4,5,3房2廳2衛,33.8,"37,000",412
16,6001154,敦化南路二段鑽石雙星高樓面敦..,18,21,2房3廳3衛,75.0,"108,000",222
17,6006452,東豐街東豐街大三房0932-39613..,6,7,3房3廳3衛,56.0,"55,000",140
18,5958929,四維路170巷吳季剛設計名宅縱..,4,11,3房1廳3衛,90.0,"120,000",661
19,5986447,延吉街國泰醫院旁.信義安和...,2,7,3房2廳2衛,23.6,"45,000",799
20,6000646,仁愛路三段吾之疆界非凡雅居盡..,100,19,3房2廳2衛,58.0,"168,000",198
21,5989361,"羅斯福路二段師大薈萃巷弄,質..",4,7,2房2廳2衛,42.0,"100,000",163
22,5992439,安和路二段遠企樓中樓5房,22,25,5房2廳5衛,117.9,"160,000",179
23,5992431,光復南路逸仙首馥大4房,7,13,4房2廳3衛,60.5,"98,000",170
24,5989873,仁愛路三段118巷仁愛帝寶芳鄰..,3,6,3房2廳2衛,44.4,"57,000",349
25,5988761,辛亥路二段面台大校園景觀樹海..,13,26,5房2廳2衛,58.1,"55,000",303
26,5978807,辛亥路一段台電捷運高樓3房,12,14,3房2廳2衛,40.4,"50,000",308
27,5987147,四維路170巷＊＊遠企新兩房＊..,4,8,2房1廳1衛,19.5,"30,000",1583
28,5986459,永康街東門捷運。精緻裝潢三房..,2,12,3房2廳1衛,27.7,"48,000",290
29,5986446,復興南路一段126巷忠孝復興捷..,8,11,2房1廳1衛,23.9,"43,000",377
